<?xml version="1.0" encoding="UTF-8"?>
<project-private xmlns="http://www.netbeans.org/ns/project-private/1">
    <editor-bookmarks xmlns="http://www.netbeans.org/ns/editor-bookmarks/2" lastBookmarkId="0"/>
    <open-files xmlns="http://www.netbeans.org/ns/projectui-open-files/2">
        <group>
            <file>file:/C:/Users/lucab/OneDrive/Documentos/NetBeansProjects/Tarefa_Classe-Animal_16_10/src/tarefa_classe/animal_16_10/Tarefa_ClasseAnimal_16_10.java</file>
            <file>file:/C:/Users/lucab/OneDrive/Documentos/NetBeansProjects/Tarefa_Classe-Animal_16_10/src/tarefa_classe/animal_16_10/Cachorro.java</file>
            <file>file:/C:/Users/lucab/OneDrive/Documentos/NetBeansProjects/Tarefa_Classe-Animal_16_10/src/tarefa_classe/animal_16_10/Animal.java</file>
            <file>file:/C:/Users/lucab/OneDrive/Documentos/NetBeansProjects/Tarefa_Classe-Animal_16_10/src/tarefa_classe/animal_16_10/Ave.java</file>
        </group>
    </open-files>
</project-private>
